"Lead_Index,Lead_Score_0_to_100"
"8305,20.6"
"1591,99.62"
"8604,3.17"
"1333,0.72"
"4260,0.03"
"2357,99.37"
"1900,94.16"
"9077,2.33"
"6302,97.25"
"8158,93.16"
"1461,0.04"
"4091,99.85"
"4991,11.78"
"553,99.33"
"5257,0.71"
"7006,3.84"
"7674,97.45"
"5014,1.01"
"5798,0.71"
"5782,1.39"
"155,0.0"
"1850,2.37"
"7172,97.8"
"6950,5.23"
"730,8.14"
"6730,95.66"
"1290,99.99"
"6959,5.19"
"637,9.4"
"1340,89.68"
"473,2.14"
"6619,0.22"
"7545,0.15"
"1557,98.02"
"7763,95.96"
"6012,96.75"
"6802,1.0"
"3940,8.68"
"853,58.3"
"3270,99.81"
"1882,99.78"
"1062,0.07"
"9083,6.83"
"8176,1.89"
"4931,1.81"
"3750,7.41"
"3416,97.43"
"8277,4.51"
"7472,99.84"
"1027,99.12"
"3303,7.41"
"7019,98.65"
"5335,4.6"
"6234,14.94"
"8629,11.94"
"9118,0.21"
"3023,0.01"
"5161,0.02"
"1317,29.01"
"8782,0.43"
"5679,2.68"
"8271,95.71"
"8102,14.87"
"355,3.92"
"8161,59.44"
"1488,96.14"
"4820,99.1"
"5901,7.47"
"2732,0.43"
"3100,1.58"
"9000,0.11"
"5472,0.04"
"75,99.93"
"5322,45.04"
"3374,23.94"
"4278,92.91"
"7122,0.02"
"5663,0.79"
"6263,0.24"
"778,6.84"
"5795,99.67"
"1049,0.76"
"8544,3.63"
"2278,3.19"
"5811,0.46"
"7630,21.43"
"5422,3.21"
"3260,1.0"
"3636,0.15"
"596,98.2"
"4379,98.06"
"3262,72.6"
"4222,35.84"
"7450,99.71"
"1760,24.62"
"7762,0.17"
"4724,77.33"
"8657,0.02"
"8551,98.06"
"5238,2.21"
"5848,1.16"
"6663,96.39"
"8454,0.28"
"1696,14.51"
"198,3.16"
"4918,33.75"
"1338,0.0"
"3120,98.61"
"7551,0.13"
"4463,0.15"
"3879,1.91"
"1387,99.76"
"9151,1.33"
"3662,0.89"
"2668,70.1"
"7829,96.95"
"381,0.93"
"8485,0.53"
"3355,99.41"
"5686,99.96"
"6232,2.75"
"5417,0.61"
"1223,99.85"
"1282,0.31"
"2228,0.09"
"4499,12.37"
"3739,99.95"
"6323,99.01"
"3388,99.91"
"3456,99.93"
"4375,99.05"
"6496,99.53"
"2705,99.07"
"8363,7.53"
"467,0.97"
"5243,0.74"
"6393,0.56"
"6724,0.45"
"8089,99.67"
"8826,5.83"
"8875,0.42"
"1859,99.62"
"9005,70.35"
"5446,0.1"
"2258,43.19"
"8846,5.89"
"8488,0.07"
"2051,5.71"
"1202,9.28"
"3232,55.3"
"3379,1.25"
"1149,1.33"
"1297,0.03"
"7141,0.08"
"6411,99.89"
"2999,0.04"
"4962,5.43"
"3351,1.87"
"8061,99.56"
"5962,98.0"
"1148,76.24"
"2421,0.96"
"5745,24.37"
"7920,2.18"
"2769,80.0"
"1131,4.54"
"7665,0.56"
"1365,99.98"
"8937,6.51"
"5350,21.74"
"3580,7.26"
"5172,12.17"
"5894,7.41"
"2367,98.05"
"4712,0.21"
"5029,4.94"
"4135,91.46"
"8355,55.43"
"8178,14.98"
"3079,1.98"
"7778,0.63"
"6443,1.46"
"58,0.49"
"6507,3.85"
"8250,6.58"
"8641,97.81"
"5599,87.04"
"6176,6.85"
"3469,90.47"
"4835,0.17"
"5865,6.87"
"5349,99.75"
"5794,99.68"
"7553,5.61"
"3874,1.04"
"4471,0.37"
"7047,4.51"
"4709,5.24"
"248,0.61"
"5733,3.03"
"8433,89.79"
"2409,2.32"
"4507,21.06"
"4132,98.06"
"288,96.56"
"6462,7.51"
"3166,98.87"
"4452,27.88"
"5313,99.94"
"8166,1.13"
"7042,33.35"
"6400,2.73"
"3408,12.12"
"4910,7.41"
"8498,0.08"
"8200,3.2"
"5612,3.2"
"5720,99.83"
"7601,2.03"
"4163,98.15"
"812,0.48"
"3425,99.91"
"2734,97.21"
"551,95.51"
"2781,3.21"
"3305,52.29"
"7292,2.95"
"8744,0.41"
"7461,4.93"
"481,2.09"
"2402,98.41"
"7079,0.74"
"910,19.04"
"731,89.63"
"3182,94.81"
"2145,94.33"
"7875,2.68"
"5581,0.78"
"5766,0.23"
"4969,99.97"
"8759,88.62"
"4024,12.12"
"7837,99.67"
"9034,99.85"
"3596,3.21"
"7914,2.35"
"7427,97.67"
"5081,3.39"
"8472,45.84"
"7648,0.89"
"6848,10.41"
"5719,99.61"
"6845,7.41"
"8248,97.1"
"894,2.66"
"8118,99.67"
"8095,1.6"
"5869,10.36"
"6564,1.83"
"2140,99.31"
"389,1.65"
"1175,1.05"
"7737,3.83"
"3188,99.69"
"3324,45.04"
"5517,0.72"
"6196,0.15"
"7229,99.79"
"6578,1.05"
"7257,10.78"
"1209,0.97"
"8276,57.15"
"6214,0.07"
"4566,6.95"
"3742,7.41"
"151,99.02"
"1739,99.93"
"848,98.47"
"2338,99.08"
"6604,0.7"
"8889,97.47"
"6339,0.02"
"6810,73.95"
"3513,73.18"
"4644,0.8"
"8079,99.52"
"2816,0.14"
"9204,0.31"
"265,2.68"
"8774,9.79"
"566,5.71"
"4740,83.53"
"6057,0.84"
"414,0.1"
"4744,30.3"
"5834,1.23"
"1276,5.37"
"6349,3.39"
"3422,20.26"
"3640,5.58"
"3829,99.99"
"4919,45.04"
"5829,0.07"
"3052,52.29"
"4268,98.79"
"7606,86.77"
"1099,98.17"
"8798,88.22"
"2867,0.37"
"967,98.84"
"8300,7.12"
"5590,26.22"
"2883,0.02"
"2005,90.85"
"9181,2.29"
"9193,1.6"
"5485,8.48"
"1825,1.59"
"442,0.04"
"1431,1.67"
"1830,0.46"
"2729,99.87"
"2362,20.22"
"2646,0.53"
"4095,0.04"
"2838,0.45"
"3081,0.93"
"792,0.66"
"5194,99.88"
"8665,16.81"
"6310,49.42"
"4291,99.5"
"8705,2.65"
"8473,33.75"
"1281,99.92"
"89,0.22"
"4567,0.09"
"444,3.68"
"8055,99.67"
"6144,0.41"
"5760,0.34"
"808,99.02"
"6455,4.67"
"290,3.16"
"1574,98.85"
"9075,99.82"
"5286,83.62"
"2700,1.0"
"48,30,100.00"
"7612,3.19"
"904,0.71"
"8615,0.18"
"5021,55.21"
"4329,32.25"
"6064,5.89"
"230,98.65"
"8805,50.16"
"4126,58.46"
"2535,4.25"
"31,0.13"
"3175,1.97"
"5645,1.58"
"6830,21.07"
"6609,0.13"
"3799,4.38"
"5135,99.79"
"8234,99.92"
"5953,91.82"
"8287,3.16"
"2336,72.66"
"7732,4.63"
"4497,60.28"
"5951,1.18"
"8173,98.23"
"5602,92.23"
"4799,99.94"
"4249,0.18"
"693,99.87"
"3757,99.0"
"5698,99.5"
"5368,2.18"
"2175,1.02"
"2562,99.87"
"1519,2.69"
"1918,6.01"
"3571,1.0"
"8377,0.26"
"847,4.61"
"7956,2.55"
"5453,99.96"
"4257,15.67"
"4157,98.67"
"9144,0.11"
"6968,99.39"
"9029,0.99"
"7283,1.71"
"2361,99.5"
"4080,87.44"
"3311,3.88"
"4426,97.17"
"784,99.09"
"679,99.15"
"2864,1.14"
"8834,0.76"
"8976,1.98"
"5596,0.14"
"6905,0.2"
"8165,3.16"
"6849,0.84"
"60,0.36"
"7825,2.67"
"688,2.08"
"8036,3.16"
"1504,1.71"
"4316,12.7"
"7735,6.17"
"7264,3.16"
"2787,65.29"
"1363,10.26"
"5340,75.96"
"5203,3.14"
"160,98.41"
"7189,77.96"
"1344,72.66"
"8451,73.66"
"8347,99.54"
"8845,0.07"
"4510,0.08"
"6508,2.42"
"7095,74.77"
"8751,0.88"
"1652,93.95"
"2804,99.57"
"484,0.15"
"6691,5.51"
"2962,99.47"
"8236,5.49"
"4601,5.58"
"6290,99.95"
"4795,98.23"
"755,0.39"
"9140,0.12"
"4493,6.85"
"2593,81.28"
"2452,5.86"
"6080,14.27"
"3433,0.84"
"2067,99.48"
"3009,5.02"
"4077,0.34"
"993,7.46"
"9001,1.59"
"7206,12.93"
"4838,99.56"
"3968,0.92"
"3585,3.21"
"1388,96.83"
"3098,63.64"
"373,99.98"
"1080,0.38"
"7464,9.5"
"1229,3.19"
"8859,67.15"
"3654,0.05"
"5256,5.66"
"8779,0.03"
"2372,82.27"
"4738,99.89"
"2647,0.15"
"2482,0.11"
"6491,17.58"
"7491,0.51"
"5831,7.41"
"907,28.12"
"2429,0.8"
"7636,99.99"
"3090,99.98"
"6544,99.98"
"6897,0.13"
"6753,1.62"
"5952,92.62"
"2376,99.62"
"6475,99.73"
"6560,99.09"
"5967,6.47"
"4775,99.53"
"5648,3.42"
"5206,99.67"
"6875,0.34"
"4226,5.19"
"3413,1.09"
"3981,99.55"
"8734,80.25"
"8833,0.39"
"8099,96.03"
"4270,0.09"
"6079,0.76"
"8784,20.6"
"1499,6.27"
"989,23.25"
"3360,72.11"
"8635,85.99"
"9108,70.21"
"4652,26.72"
"2993,0.1"
"7232,0.14"
"1369,38.3"
"1382,0.1"
"1576,5.99"
"7646,14.11"
"4253,99.92"
"4967,0.4"
"1457,0.61"
"8261,99.17"
"6164,0.68"
"8357,0.03"
"5297,1.0"
"143,0.11"
"5324,98.68"
"5597,31.4"
"8557,3.16"
"4195,90.34"
"7312,36.48"
"3205,4.39"
"5852,12.12"
"7757,0.24"
"2350,0.71"
"7758,0.24"
"8013,1.77"
"3590,3.65"
"1807,23.99"
"1527,99.12"
"8317,11.37"
"7399,0.34"
"5219,86.0"
"8023,99.21"
"7306,97.95"
"2852,99.94"
"8901,20.22"
"2826,91.94"
"7294,0.08"
"3999,8.44"
"2262,4.31"
"7350,0.28"
"8748,97.64"
"8780,0.1"
"8693,0.84"
"2939,2.13"
"7740,0.15"
"4127,1.0"
"1912,0.61"
"4354,0.77"
"4169,2.77"
"3432,52.29"
"6702,99.72"
"8074,99.99"
"9133,0.73"
"5959,1.0"
"2207,3.38"
"1546,73.93"
"2800,4.07"
"813,52.16"
"1139,82.62"
"5457,7.41"
"6782,3.13"
"5677,5.53"
"2212,0.61"
"6390,0.31"
"4461,30.52"
"8644,4.3"
"3045,81.88"
"9040,0.99"
"1395,97.03"
"7868,0.32"
"3803,66.88"
"7200,0.25"
"286,5.61"
"8069,97.59"
"7097,0.46"
"3541,1.0"
"223,96.69"
"3824,88.06"
"4873,22.61"
"4886,23.88"
"7370,2.43"
"1401,90.25"
"7543,0.4"
"8753,0.06"
"6734,0.13"
"1982,99.9"
"4325,3.39"
"6669,0.07"
"7318,0.91"
"4694,0.84"
"461,2.53"
"6829,99.76"
"7386,0.22"
"6820,0.62"
"5264,1.0"
"3005,99.21"
"5362,99.9"
"4778,2.37"
"3031,98.98"
"3299,99.25"
"3021,99.38"
"6398,3.31"
"4366,4.86"
"8116,0.42"
"196,0.1"
"5623,99.77"
"6599,0.29"
"1804,97.6"
"8183,0.5"
"8469,0.02"
"1437,99.33"
"1991,99.96"
"3099,32.21"
"8034,6.53"
"250,0.02"
"7755,2.48"
"103,0.03"
"934,99.33"
"7327,99.94"
"4141,91.82"
"5309,6.93"
"1037,0.89"
"7922,5.31"
"3907,97.53"
"3148,1.0"
"246,0.27"
"2408,89.88"
"6721,0.03"
"1089,54.28"
"8832,5.42"
"7446,0.74"
"7753,99.84"
"7,2.38"
"5824,94.28"
"6253,7.64"
"1622,0.33"
"4829,5.16"
"392,99.96"
"991,27.16"
"2623,99.9"
"2946,99.94"
"2944,91.82"
"665,2.33"
"4763,0.18"
"4977,99.49"
"2648,0.12"
"5171,0.27"
"6841,0.68"
"8362,84.02"
"5230,7.41"
"8684,99.94"
"833,11.13"
"5927,0.31"
"8626,1.1"
"2650,99.05"
"47,3.16"
"8163,7.04"
"7037,42.27"
"5603,99.12"
"1334,63.83"
"888,20.32"
"1104,0.05"
"549,2.49"
"4532,99.33"
"2113,98.02"
"6257,52.29"
"8670,16.24"
"968,0.08"
"5245,0.85"
"8865,99.9"
"1459,5.57"
"6237,0.25"
"3155,66.93"
"8750,59.14"
"4320,99.79"
"8849,0.33"
"1432,21.03"
"588,0.16"
"5608,9.88"
"2492,10.02"
"7397,0.86"
"2316,97.13"
"6612,0.66"
"2340,0.16"
"7583,7.37"
"5220,45.04"
"1981,6.21"
"5493,0.11"
"7084,6.38"
"3261,71.53"
"3216,1.0"
"694,0.28"
"5304,99.85"
"1779,9.33"
"8150,60.03"
"3441,95.04"
"528,0.43"
"2856,99.07"
"3949,12.12"
"7369,1.01"
"7201,13.16"
"5930,0.98"
"5731,1.09"
"8134,8.33"
"7963,99.92"
"8350,0.01"
"96,0.02"
"2506,1.83"
"1257,99.5"
"8584,0.8"
"2641,98.96"
"3094,1.0"
"6711,99.99"
"624,6.86"
"6940,0.29"
"2587,0.96"
"2261,0.23"
"2003,0.12"
"227,2.8"
"1815,0.3"
"5178,2.95"
"5647,99.88"
"2164,0.21"
"1228,3.16"
"6227,0.84"
"2444,99.7"
"5444,3.35"
"9126,98.96"
"449,99.64"
"6489,0.52"
"5492,99.83"
"2038,0.17"
"8231,1.84"
"114,97.0"
"4444,99.42"
"5218,1.48"
"8494,38.62"
"4704,0.25"
"6131,1.14"
"2418,98.09"
"2244,99.78"
"9009,0.16"
"3257,3.13"
"4559,99.74"
"5915,99.76"
"6656,2.84"
"7415,0.05"
"1136,0.21"
"135,94.97"
"3837,99.41"
"4468,3.68"
"6412,99.73"
"186,97.51"
"1464,0.04"
"4648,97.47"
"1789,1.15"
"2689,91.1"
"2683,99.41"
"4548,99.4"
"5366,0.04"
"1662,0.68"
"6819,97.94"
"3268,99.36"
"881,0.33"
"2855,1.91"
"5379,99.91"
"2581,1.81"
"8924,0.26"
"5314,97.34"
"3409,8.27"
"6145,2.52"
"2724,0.4"
"9020,98.01"
"3516,0.83"
"5360,2.83"
"5070,1.8"
"215,98.53"
"684,4.63"
"1491,9.64"
"6343,62.01"
"2176,0.7"
"6847,8.82"
"2508,97.13"
"8505,99.96"
"5861,0.18"
"8136,0.35"
"587,0.04"
"8934,92.68"
"6972,14.53"
"4570,3.73"
"1670,1.0"
"5179,99.43"
"2937,2.18"
"1542,99.98"
"8096,98.38"
"5770,12.12"
"7793,12.96"
"231,0.06"
"3534,0.11"
"6665,98.71"
"5191,1.0"
"2586,3.16"
"6408,36.63"
"1310,43.46"
"3237,98.89"
"3683,0.36"
"8623,99.98"
"5494,0.27"
"4655,6.88"
"6971,0.2"
"7816,0.08"
"8990,72.34"
"2093,3.19"
"495,0.81"
"7486,99.74"
"1999,0.61"
"3048,5.17"
"3518,19.25"
"1326,96.58"
"5299,38.68"
"472,99.26"
"7347,99.76"
"7638,1.14"
"3869,0.69"
"3865,1.0"
"3386,21.89"
"2368,99.83"
"2619,2.29"
"9115,99.8"
"3547,1.0"
"7746,0.9"
"2438,92.47"
"6680,1.32"
"2959,99.7"
"1299,95.52"
"6979,52.16"
"1368,99.78"
"6920,26.22"
"315,0.42"
"2483,99.79"
"1441,2.57"
"1072,3.16"
"4003,79.12"
"6713,2.28"
"496,1.23"
"3686,32.37"
"1788,99.81"
"3208,1.0"
"1533,14.22"
"2255,0.61"
"7824,0.16"
"743,0.27"
"2098,52.16"
"4218,93.14"
"2953,2.03"
"9142,1.59"
"1204,3.16"
"6607,1.39"
"3980,3.97"
"819,99.8"
"7147,1.92"
"9152,54.77"
"1376,0.23"
"4872,89.31"
"2930,16.84"
"1586,99.93"
"2811,0.24"
"7169,5.61"
"6622,2.74"
"4558,0.28"
"5036,99.51"
"3392,25.01"
"3438,6.57"
"8991,0.23"
"5611,34.67"
"8153,3.19"
"7887,99.83"
"76,97.11"
"2582,0.04"
"7477,2.68"
"6516,0.04"
"8840,99.92"
"748,2.4"
"6908,1.04"
"391,3.77"
"8504,20.39"
"9104,88.59"
"2129,0.47"
"3801,92.09"
"4906,34.53"
"8762,3.16"
"4442,99.63"
"8874,16.51"
"7798,12.75"
"6147,75.52"
"8086,99.13"
"40,18.34"
"6943,8.4"
"2967,93.88"
"7861,2.38"
"6243,99.97"
"1305,99.35"
"85,41,100.00"
"7645,3.16"
"6285,0.12"
"3096,3.21"
"1931,98.44"
"1695,0.53"
"3676,1.11"
"7430,0.12"
"4935,99.95"
"5576,99.67"
"7105,99.96"
"1728,98.73"
"4107,1.47"
"2824,0.44"
"4656,1.76"
"1895,0.25"
"7353,3.16"
"1560,92.89"
"5883,4.19"
"2307,99.91"
"746,99.81"
"7664,35.18"
"1829,97.85"
"6993,3.59"
"616,98.86"
"2827,98.82"
"8778,99.97"
"8292,99.83"
"2768,99.64"
"4630,0.06"
"3564,0.1"
"5774,0.78"
"349,1.28"
"6737,98.98"
"8496,12.48"
"9128,20.7"
"6537,92.98"
"2199,99.08"
"5283,3.49"
"7253,98.98"
"5876,0.09"
"2064,0.67"
"4921,2.51"
"1987,0.92"
"3397,0.08"
"2296,99.36"
"5513,4.66"
"7834,2.19"
"1295,2.45"
"1112,8.2"
"6586,99.98"
"7810,3.16"
"6444,1.7"
"8660,3.16"
"6772,1.26"
"5306,64.55"
"5151,1.51"
"3336,0.83"
"2056,11.82"
"5931,81.23"
"3465,98.98"
"1362,4.38"
"8723,0.63"
"3932,98.98"
"763,0.06"
"8441,99.91"
"7747,0.16"
"8593,3.54"
"8534,0.44"
"6827,99.98"
"1328,5.61"
"6486,99.05"
"5157,2.12"
"4170,99.5"
"3953,93.37"
"9176,99.39"
"4299,2.14"
"7259,99.9"
"6073,4.9"
"8132,0.02"
"1359,98.73"
"4161,8.83"
"2031,74.91"
"4667,52.29"
"2731,0.02"
"8106,99.47"
"5533,2.86"
"3584,1.53"
"7309,0.37"
"6706,1.73"
"2795,0.67"
"4517,12.37"
"3677,32.49"
"5522,1.91"
"3183,99.28"
"5880,7.41"
"5556,0.16"
"9062,99.63"
"6550,99.27"
"88,99.94"
"5320,99.31"
"6354,17.34"
"9106,41.2"
"5550,1.0"
"2912,99.62"
"1155,26.13"
"667,93.54"
"1485,4.77"
"7409,99.95"
"5650,2.97"
"1462,50.2"
"1429,19.47"
"9229,99.77"
"7303,0.78"
"3050,0.15"
"5544,9.19"
"1097,0.06"
"3180,99.79"
"4755,0.57"
"7933,3.16"
"611,93.0"
"2875,99.39"
"4923,54.12"
"8109,3.44"
"5267,0.68"
"5896,80.13"
"4482,31.83"
"8006,0.03"
"2812,18.28"
"6461,99.97"
"6672,96.73"
"2764,99.97"
"2712,94.02"
"5897,0.41"
"4029,91.82"
"2980,0.89"
"1107,3.4"
"4070,0.25"
"6334,0.4"
"2756,99.28"
"970,0.11"
"4454,3.03"
"1490,94.77"
"3035,74.59"
"1937,0.48"
"7222,94.28"
"6071,2.12"
"2518,3.19"
"9200,0.96"
"7779,0.24"
"8699,1.09"
"4156,0.51"
"7523,90.97"
"1012,0.35"
"7623,3.16"
"1690,3.16"
"2458,99.76"
"5142,43.18"
"1070,99.94"
"4563,0.24"
"8008,90.66"
"2083,91.78"
"4219,4.21"
"3752,0.48"
"2738,6.95"
"8001,0.69"
"4094,1.61"
"7989,98.16"
"6014,56.08"
"1549,81.11"
"8131,0.01"
"7164,0.71"
"5272,94.79"
"106,0.02"
"8284,95.63"
"3644,0.07"
"8922,0.21"
"8856,4.64"
"7421,99.58"
"4020,0.95"
"3431,36.57"
"6553,52.29"
"4743,95.83"
"6382,1.22"
"7705,0.68"
"2633,3.89"
"5832,98.47"
"5318,0.32"
"4450,84.11"
"6307,0.29"
"5394,3.98"
"2635,0.75"
"2109,98.4"
"749,5.83"
"2783,99.83"
"9116,99.73"
"7161,0.02"
"8290,99.63"
"5097,7.41"
"2739,1.0"
"5032,21.41"
"8585,3.16"
"8539,99.02"
"8348,95.3"
"4624,99.69"
"8146,97.21"
"1119,3.16"
"2663,0.07"
"8904,99.69"
"5792,99.67"
"5776,10.41"
"3199,5.72"
"1188,98.95"
"4376,3.67"
"8785,97.28"
"1514,1.05"
"1088,11.16"
"7036,99.97"
"4849,98.89"
"3944,98.77"
"1613,0.04"
"6388,7.41"
"646,2.92"
"8402,97.12"
"6466,99.59"
"5159,99.89"
"6006,4.73"
"5892,98.37"
"67,96.45"
"7396,96.79"
"9008,23.69"
"7065,19.45"
"6286,4.59"
"3007,0.64"
"8097,14.91"
"1730,99.4"
"2144,7.48"
"597,0.05"
"4339,9.24"
"1852,0.12"
"781,0.23"
"9196,37.61"
"2104,72.66"
"1474,1.1"
"4274,23.39"
"4616,2.01"
"873,0.03"
"3560,1.32"
"7661,2.38"
"664,0.67"
"4100,0.03"
"3068,98.36"
"2721,3.48"
"669,22.97"
"5906,0.3"
"4649,4.09"
"914,99.6"
"3164,2.96"
"5660,0.72"
"5077,99.77"
"2503,2.72"
"2680,99.68"
"5867,1.83"
"2597,3.19"
"5630,7.41"
"682,0.34"
"3333,1.19"
"6397,0.17"
"3446,90.31"
"3316,0.57"
"2200,0.44"
"575,1.12"
"4793,99.9"
"3599,0.35"
"239,1.25"
"4815,92.45"
"1685,0.53"
"2916,79.85"
"1137,0.07"
"6714,99.38"
"4122,0.36"
"3286,99.91"
"2533,99.59"
"6449,99.44"
"8586,0.25"
"8235,99.57"
"1484,0.06"
"8111,96.42"
"5791,99.53"
"2007,2.57"
"5735,0.2"
"1854,0.35"
"8783,55.0"
"733,0.04"
"8543,1.63"
"6195,0.71"
"6743,97.28"
"8446,0.31"
"8917,3.16"
"7074,0.73"
"8486,0.11"
"862,4.17"
"8298,0.02"
"6130,1.0"
"8961,37.86"
"6120,19.62"
"560,99.34"
"8401,21.28"
"3138,1.0"
"3685,99.82"
"1489,2.88"
"2205,0.22"
"5252,67.57"
"8151,0.75"
"3038,2.74"
"7663,10.23"
"2591,4.04"
"3951,98.38"
"542,0.0"
"2757,99.4"
"6877,50.95"
"1116,99.76"
"2191,39.89"
"2276,0.33"
"1894,72.66"
"9235,93.0"
"4964,0.26"
"6513,98.83"
"5016,45.04"
"6361,97.43"
"6771,30.0"
"7168,4.45"
"4573,99.86"
"1179,3.93"
"4972,1.33"
"2626,96.46"
"6336,2.32"
"1545,0.59"
"7038,0.19"
"2132,99.69"
"5035,99.31"
"5939,1.0"
"3022,98.98"
"6588,0.26"
"700,96.24"
"4071,4.06"
"803,0.14"
"4681,79.7"
"4176,0.55"
"7393,0.45"
"3859,1.0"
"6997,89.3"
"5796,10.41"
"2629,95.43"
"6844,82.98"
"5525,99.77"
"5696,7.41"
"8506,0.45"
"1534,50.9"
"2172,99.86"
"4263,89.99"
"829,94.74"
"7032,4.82"
"5514,0.33"
"5587,7.41"
"4516,10.73"
"2160,65.03"
"628,0.05"
"3028,99.63"
"6926,9.13"
"7744,0.54"
"2243,96.97"
"1521,95.22"
"1230,0.84"
"5002,4.65"
"1758,99.76"
"4960,99.3"
"2557,0.59"
"767,49.46"
"5511,0.24"
"926,2.15"
"305,0.74"
"3382,1.0"
"4580,45.04"
"2511,36.66"
"3712,84.34"
"5039,0.83"
"4754,0.13"
"3875,98.79"
"823,0.02"
"2273,99.83"
"1248,6.11"
"2776,3.49"
"8083,99.97"
"836,28.68"
"6857,0.51"
"5558,9.39"
"3929,91.74"
"2718,0.06"
"2442,0.44"
"4160,31.26"
"662,99.02"
"3070,63.44"
"4638,1.73"
"3151,94.28"
"2339,98.32"
"2309,24.12"
"5771,2.8"
"7723,4.33"
"2998,5.48"
"8876,1.07"
"7644,85.8"
"4651,77.76"
"2197,99.68"
"3523,0.06"
"5380,0.06"
"1158,98.17"
"5822,99.57"
"1087,3.16"
"1478,0.39"
"4978,18.78"
"7724,2.56"
"1940,0.91"
"302,4.6"
"3291,97.39"
"3906,1.0"
"1244,3.16"
"2543,97.94"
"2848,0.11"
"1543,0.19"
"1390,99.08"
"3804,1.0"
"2891,7.41"
"3643,99.81"
"526,0.98"
"8135,15.88"
"8054,77.76"
"973,99.87"
"6557,97.31"
"5957,1.17"
"9131,0.11"
"5134,1.57"
"8742,5.64"
"217,0.09"
"1961,89.51"
"4315,0.84"
"7103,1.46"
"817,3.16"
"6585,11.53"
"4470,3.21"
"5670,9.84"
"7858,99.3"
"6211,96.79"
"2100,52.44"
"3719,6.43"
"8050,99.77"
"185,11.61"
"5687,99.63"
"3625,96.16"
"608,5.09"
"2187,2.77"
"1102,38.32"
"5431,12.12"
"5330,99.51"
"5749,12.3"
"985,99.69"
"3109,0.04"
"8240,1.97"
"1438,0.46"
"7500,0.99"
"6469,0.29"
"7317,0.13"
"1599,10.14"
"5878,7.41"
"4035,34.71"
"5881,40.75"
"6860,92.03"
"3755,3.12"
"6918,61.78"
"1605,99.76"
"4557,0.83"
"4826,84.5"
"4097,0.13"
"5344,3.16"
"2461,99.76"
"8926,0.03"
"4726,10.53"
"6088,96.17"
"4653,98.33"
"5860,99.89"
"9039,51.35"
"1254,97.95"
"6312,0.27"
"7562,3.38"
"4351,1.36"
"8251,0.1"
"2977,88.41"
"8073,99.64"
"434,3.23"
"1691,0.43"
"3744,0.53"
"377,66.85"
"1934,93.86"
"6204,97.46"
"8144,69.49"
"9120,1.02"
"8334,96.46"
"8796,0.03"
"946,2.53"
"2425,0.58"
"9156,0.07"
"5727,19.0"
"7684,10.23"
"3913,52.29"
"3157,0.68"
"1241,3.19"
"3655,98.39"
"1434,0.98"
"7045,99.41"
"1348,3.16"
"4520,99.28"
"9158,95.28"
"7628,7.37"
"5023,0.21"
"2976,99.84"
"8414,2.26"
"5128,5.87"
"7821,0.47"
"9032,42.73"
"3215,2.63"
"5944,97.74"
"229,1.28"
"3019,99.25"
"2170,0.93"
"4916,1.0"
"6005,99.97"
"7531,7.37"
"7953,99.72"
"9044,99.88"
"3419,1.48"
"54,1.68"
"1009,99.96"
"1132,25.67"
"8100,97.92"
"8806,0.48"
"3481,0.29"
"9203,97.75"
"7590,1.32"
"558,10.85"
"8491,1.17"
"4748,99.15"
"5500,1.09"
"1619,99.2"
"8291,0.07"
"7955,0.74"
"6007,4.67"
"5027,99.91"
"8548,3.12"
"559,9.33"
"6965,2.56"
"6677,0.38"
"6704,0.23"
"1827,0.51"
"6909,1.0"
"6190,0.15"
"1688,0.11"
"179,96.65"
"5053,1.0"
"2111,1.34"
"8951,0.54"
"3687,99.87"
"111,92.15"
"6407,1.62"
"1172,0.01"
"345,99.47"
"7536,98.81"
"408,1.56"
"5358,6.85"
"4264,89.54"
"3811,26.91"
"9231,99.4"
"2490,99.83"
"468,1.89"
"6161,0.11"
"8296,99.85"
"4944,49.25"
"5246,1.43"
"902,8.09"
"8791,86.46"
"4608,98.92"
"4342,84.81"
"7274,7.37"
"7986,9.3"
"8664,99.89"
"7091,99.7"
"3670,94.66"
"1835,0.23"
"1312,3.16"
"2500,84.58"
"3195,44.28"
"2802,12.22"
"5078,99.29"
"3904,7.4"
"207,35.0"
"1968,26.27"
"8482,0.31"
"3184,4.2"
"4434,11.15"
"3403,94.2"
"8167,20.6"
"2260,0.13"
"7589,0.85"
"4843,99.36"
"9091,60.67"
"8323,0.94"
"6740,98.01"
"5107,3.39"
"6504,0.54"
"8022,15.14"
"4119,91.82"
"9102,5.27"
"2921,99.89"
"3479,1.19"
"3909,18.66"
"7533,0.21"
"7722,83.82"
"1145,1.3"
"79,87,100.00"
"73,0.04"
"6697,97.24"
"124,1.56"
"6193,99.93"
"3394,2.08"
"1207,0.88"
"7387,98.32"
"8893,0.15"
"3101,85.09"
"5885,1.0"
"3091,1.18"
"4076,3.89"
"4123,99.95"
"2771,0.22"
"6010,99.76"
"715,98.77"
"366,16.24"
"3923,99.71"
"2567,2.62"
"6218,0.37"
"4410,2.71"
"9087,99.95"
"7771,0.4"
"7682,99.49"
"8537,11.24"
"6510,1.74"
"6708,95.91"
"6816,99.84"
"2390,98.53"
"7556,79.22"
"5518,0.78"
"176,2.42"
"6956,0.04"
"5213,99.73"
"1561,98.38"
"3384,99.86"
"2377,1.2"
"8283,3.77"
"2516,1.69"
"325,0.08"
"8956,5.04"
"2716,37.53"
"4745,3.37"
"4792,0.35"
"5746,99.45"
"8190,4.12"
"6725,99.99"
"6179,99.97"
"5051,99.87"
"5,3.16"
"8622,99.21"
"6685,99.95"
"4311,0.81"
"6754,99.64"
"5802,99.49"
"4397,8.14"
"5778,0.02"
"88,67,100.00"
"550,0.07"
"7026,7.37"
"2162,95.98"
"7756,9.52"
"8343,99.26"
"7596,99.27"
"4144,98.98"
"2009,99.76"
"6327,0.57"
"4181,99.16"
"7927,99.91"
"7007,4.68"
"6000,1.88"
"6727,22.15"
"1068,99.97"
"1239,0.03"
"1812,97.92"
"1544,1.29"
"8,1.9"
"6344,18.92"
"2059,0.35"
"8282,98.95"
"6472,96.21"
"8139,1.76"
"5311,32.5"
"4945,0.57"
"3693,93.36"
"2512,99.25"
"8060,99.47"
"4554,45.52"
"2447,4.94"
"3383,45.82"
"3721,99.93"
"2033,0.78"
"7062,3.82"
"8046,0.04"
"7177,70.06"
"727,99.93"
"2032,69.08"
"3186,96.62"
"2012,75.43"
"407,32.39"
"8525,6.24"
"6337,2.41"
"5610,34.03"
"4125,99.98"
"5588,99.9"
"1430,0.09"
"8103,99.98"
"404,97.67"
"1876,3.79"
"7098,99.98"
"5454,3.21"
"6991,0.31"
"6738,3.91"
"6549,11.21"
"3820,99.89"
"241,3.16"
"2952,99.5"
"4714,12.37"
"1996,0.01"
"46,93,100.00"
"2060,99.7"
"5310,2.86"
"3539,1.04"
"3280,6.27"
"5294,0.73"
"362,0.06"
"8725,6.83"
"2929,2.16"
"871,0.17"
"9141,1.46"
"8563,17.74"
"3204,87.64"
"4255,3.81"
"4770,30.84"
"8335,93.09"
"8285,0.6"
"4235,0.95"
"6705,99.84"
"4661,7.41"
"354,0.86"
"2526,98.56"
"3542,99.41"
"7676,3.77"
"4152,6.85"
"5751,7.41"
"5889,96.47"
"1897,96.13"
"3448,98.57"
"1887,98.02"
"2556,97.13"
"3211,4.8"
"7048,95.87"
"2238,98.59"
"9069,43.65"
"6206,0.3"
"4406,99.36"
"3894,1.56"
"4415,98.76"
"7689,94.32"
"683,16.96"
"2048,0.03"
"8830,0.2"
"3312,5.81"
"8222,0.94"
"6225,0.37"
"6858,10.31"
"8530,4.64"
"2847,2.94"
"570,3.78"
"2996,0.13"
"3868,0.05"
"6853,10.14"
"8553,1.3"
"5725,23.79"
"8110,78.1"
"3249,99.54"
"3751,99.99"
"6264,4.28"
"8617,99.27"
"7442,2.24"
"3102,0.43"
"9216,1.01"
"7567,6.48"
"5204,0.11"
"5460,93.16"
"7667,10.23"
"4365,96.52"
"8408,98.87"
"5441,99.65"
"8602,58.13"
"5764,3.53"
"7783,0.05"
"1043,72.66"
"2523,99.94"
"2908,0.31"
"8662,69.51"
"7607,1.06"
"4731,81.34"
"5385,26.39"
"4385,1.38"
"5995,5.6"
"5636,77.19"
"1862,72.59"
"2809,98.66"
"6952,10.85"
"3592,8.58"
"3777,99.08"
"4675,99.41"
"1782,0.37"
"9143,6.35"
"8866,0.61"
"1411,86.42"
"7604,0.28"
"3568,0.27"
"8816,97.23"
"3358,1.27"
"4979,95.69"
"5744,71.03"
"6273,0.41"
"363,26.04"
"1422,0.21"
"39,86.1"
"3767,0.73"
"3,0.09"
"8286,99.98"
"782,2.38"
"2907,99.89"
"21,2.97"
"2726,73.08"
"8620,94.15"
"4622,0.51"
"314,2.52"
"8007,0.93"
"4,96.68"
"7876,97.85"
"2073,0.06"
"6808,3.21"
"4137,98.3"
"7138,1.36"
"2821,32.02"
"5801,99.64"
"6448,2.18"
"5174,0.17"
"8113,98.11"
"6413,99.89"
"8070,99.67"
"2305,99.71"
"2315,99.7"
"1162,52.16"
"2499,0.22"
"5688,98.05"
"6284,0.76"
"5156,0.03"
"593,0.25"
"1294,81.04"
"3779,4.43"
"8324,3.16"
"7624,0.45"
"901,99.75"
"1997,4.89"
"8758,0.62"
"3598,98.63"
"4866,0.44"
"641,0.7"
"4529,4.05"
"1096,6.98"
"6990,98.82"
"5009,99.21"
"7375,1.17"
"7527,0.24"
"5526,45.04"
"702,6.08"
"8913,2.27"
"7017,7.37"
"8605,0.12"
"4521,9.41"
"4939,0.78"
"338,0.15"
"7093,8.26"
"4238,99.24"
"1161,0.03"
"6317,1.0"
"1520,0.29"
"3926,99.94"
"4625,94.82"
"6969,0.11"
"2513,0.97"
"6923,40.68"
"8653,3.16"
"2634,99.21"
"1092,79.96"
"1416,95.53"
"7490,99.97"
"716,0.58"
"6624,99.82"
"3490,0.23"
"197,1.13"
"4522,0.47"
"1898,91.12"
"2704,52.82"
"5341,0.94"
"8175,66.14"
"9135,5.61"
"1589,72.61"
"7508,98.34"
"2927,1.0"
"3440,3.48"
"8936,0.51"
"8895,99.73"
"3169,3.61"
"8844,0.02"
"5989,0.51"
"4533,20.7"
"339,0.14"
"8168,14.47"
"738,3.63"
"1615,96.46"
"1264,77.21"
"796,6.02"
"9202,54.96"
"3707,0.15"
"4546,99.38"
"4357,7.41"
"1644,95.13"
"5548,99.89"
"1610,1.47"
"4519,19.15"
"4220,0.72"
"4787,28.43"
"8931,61.12"
"1159,1.94"
"4490,1.0"
"1495,0.15"
"6241,3.21"
"4998,0.84"
"7571,2.62"
"2352,1.23"
"6210,0.03"
"2595,0.14"
"7018,99.24"
"2798,99.28"
"982,70.44"
"977,32.02"
"6932,99.65"
"6474,0.15"
"2767,1.0"
"7025,1.95"
"3454,3.03"
"5649,99.48"
"182,3.29"
"8711,99.43"
"5793,99.49"
"3930,0.31"
"9207,7.95"
"4879,94.28"
"846,98.84"
"3220,82.43"
"6597,27.4"
"6072,3.16"
"2174,4.47"
"5424,0.57"
"6785,98.64"
"3957,31.81"
"8952,0.05"
"9084,17.36"
"4317,86.97"
"5319,98.44"
"1259,52.16"
"9016,99.98"
"5289,0.04"
"5589,97.49"
"3049,93.3"
"2218,1.07"
"7308,0.63"
"8517,3.16"
"7780,89.4"
"6055,2.74"
"1238,3.16"
"7548,97.06"
"4245,98.43"
"947,34.98"
"5691,6.85"
"1400,1.29"
"5421,33.42"
"5040,3.0"
"4824,80.16"
"6499,99.34"
"7983,2.68"
"3424,99.96"
"1715,3.53"
"6261,0.24"
"3594,92.73"
"3661,3.95"
"1449,5.28"
"4247,4.87"
"7669,3.16"
"6683,99.18"
"2101,99.82"
"5470,99.89"
"6987,43.42"
"8843,55.88"
"1002,0.25"
"4876,0.05"
"2510,95.73"
"2036,0.08"
"8600,0.39"
"2843,0.08"
"4445,99.45"
"3653,0.72"
"5005,11.33"
"1642,96.59"
"7468,0.35"
"8093,22.89"
"3519,99.99"
"8560,8.78"
"375,0.22"
"9220,0.9"
"4617,0.21"
"1034,2.65"
"568,99.21"
"3857,4.66"
"7871,0.26"
"4846,3.07"
"3453,1.54"
"3125,0.15"
"2606,8.34"
"7685,24.25"
"7488,0.13"
"8393,99.65"
"6032,7.41"
"1838,0.83"
"3589,97.61"
"6069,99.02"
"955,0.31"
"6571,0.78"
"4279,7.41"
"7936,4.63"
"2681,99.57"
"975,96.51"
"6432,6.85"
"4043,0.12"
"3610,93.02"
"1657,4.52"
"2605,99.43"
"2087,89.16"
"8197,92.39"
"6728,99.83"
"7791,41.04"
"3405,67.88"
"6569,3.67"
"2589,99.65"
"8215,3.16"
"2250,0.12"
"1655,95.24"
"3418,0.24"
"2117,0.86"
"4439,0.26"
"1798,16.24"
"931,0.3"
"2125,9.9"
"5175,99.96"
"4005,99.99"
"8174,4.12"
"7717,52.16"
"6526,97.2"
"8915,74.85"
"4894,36.71"
"7710,5.19"
"6313,79.34"
"3294,36.28"
"8339,99.56"
"7402,1.61"
"1822,0.08"
"8499,98.78"
"1205,5.06"
"1022,99.78"
"6049,1.36"
"8763,5.09"
"1748,99.94"
"2654,91.76"
"2644,95.08"
"8378,0.11"
"8837,7.37"
"1742,18.86"
"8273,72.66"
"4897,3.86"
"2324,98.77"
"2046,0.89"
"6235,5.75"
"9058,1.66"
"4001,0.89"
"6712,99.99"
"5133,3.23"
"7326,93.38"
"4387,95.64"
"453,32.6"
"2837,99.17"
"3315,99.23"
"7524,10.47"
"4373,1.05"
"6689,0.22"
"5755,4.15"
"1487,1.31"
"8474,5.64"
"762,3.19"
"1288,33.91"
"1059,0.21"
"6303,7.41"
"521,4.54"
"607,99.94"
"6717,7.43"
"8896,2.68"
"1265,99.61"
"6633,99.41"
"7845,99.95"
"9160,82.99"
"6957,0.3"
"9018,5.16"
"785,99.13"
"5681,3.83"
"4734,99.92"
"3970,1.51"
"9172,99.94"
"3466,21.11"
"3018,3.33"
"8311,0.03"
"5261,0.53"
"6904,7.41"
"2538,53.1"
"8861,0.58"
"5566,0.85"
"1171,78.79"
"4811,70.99"
"6132,1.0"
"1014,4.83"
"1249,99.75"
"1933,25.49"
"183,0.01"
"8082,96.75"
"3115,4.22"
"3331,4.62"
"1412,12.53"
"5826,97.12"
"5986,1.31"
"6551,0.02"
"1392,0.03"
"7662,0.09"
"7498,98.5"
"2861,0.14"
"8552,20.91"
"9162,99.84"
"5150,3.81"
"9130,95.77"
"3302,2.97"
"7484,0.73"
"6283,0.27"
"911,5.05"
"4669,6.7"
"4994,95.59"
"8729,43.18"
"4212,99.97"
"5609,1.17"
"1,4.49"
"8819,95.82"
"2910,0.04"
"350,99.35"
"6945,57.94"
"1468,99.74"
"3789,99.75"
"2849,0.01"
"6623,0.21"
"1530,1.25"
"3295,2.51"
"5387,29.51"
"3067,0.32"
"3948,1.0"
"4287,0.4"
"8466,37.94"
"8436,7.37"
"2013,99.73"
"4588,7.41"
"4619,45.04"
"4932,0.08"
"8608,5.46"
"1017,32.65"
"4542,0.17"
"8349,17.02"
"2842,0.23"
"7356,96.76"
"1220,2.69"
"6797,8.07"
"5583,0.2"
"5211,75.31"
"6828,4.16"
"3521,99.85"
"8789,2.68"
"3277,0.65"
"7978,99.97"
"761,1.44"
"8369,0.06"
"87,6.17"
"2137,0.09"
"8129,21.04"
"3552,1.0"
"5535,6.81"
"4562,7.41"
"4388,98.66"
"756,0.15"
"2580,99.9"
"5088,0.39"
"3962,0.84"
"834,17.03"
"2796,5.86"
"6687,99.95"
"3619,99.28"
"6251,52.29"
"1419,12.18"
"6659,0.34"
"7481,10.23"
"1044,0.0"
"4882,70.68"
"319,97.6"
"5207,96.5"
"4372,0.46"
"410,1.82"
"3472,2.99"
"2298,1.46"
"4788,99.57"
"8125,3.58"
"5534,97.49"
"9134,99.68"
"491,0.35"
"4399,99.86"
"4579,37.88"
"447,98.6"
"5871,1.11"
"8927,80.19"
"4737,99.46"
"6172,78.66"
"1811,28.02"
"9089,12.31"
"3404,1.0"
"7114,0.18"
"1218,0.11"
"7441,48.4"
"6814,0.36"
"6864,4.94"
"2611,2.02"
"7433,99.8"
"1848,99.75"
"5416,1.21"
"3918,45.53"
"5943,8.63"
"6929,41.36"
"7781,0.02"
"3663,1.0"
"9085,4.15"
"1676,99.57"
"4657,0.5"
"6109,7.41"
"7812,99.88"
"4957,99.63"
"499,0.56"
"7851,98.33"
"4676,97.41"
"6197,89.21"
"7027,0.12"
"5656,99.85"
"7970,98.48"
"1243,1.19"
"417,0.11"
"7269,0.1"
"3309,0.06"
"6046,99.97"
"5353,99.82"
"5426,99.34"
"6639,0.17"
"6239,1.62"
"1992,0.06"
"3296,23.34"
"7797,0.52"
"6919,5.9"
"543,0.05"
"8675,1.04"
"722,34.78"
"697,11.32"
"4117,0.84"
"7159,99.86"
"775,25.69"
"6840,91.82"
"8828,4.23"
"8786,90.55"
"6401,0.1"
"2002,99.27"
"4050,99.72"
"5684,0.17"
"5477,15.14"
"2885,0.06"
"376,3.32"
"5905,1.55"
"7639,0.39"
"8157,7.85"
"8468,34.2"
"7071,0.17"
"7502,0.12"
"6963,4.57"
"1329,99.62"
"6137,29.23"
"3774,99.9"
"3427,4.27"
"2226,96.46"
"3013,9.68"
"936,99.96"
"4614,96.86"
"6757,91.82"
"3471,98.47"
"1687,0.09"
"4011,5.04"
"6985,7.41"
"7239,75.11"
"364,99.22"
"1447,99.91"
"9194,16.27"
"166,0.64"
"8037,0.45"
"3791,0.77"
"6868,0.11"
"1551,0.1"
"8529,0.79"
"6003,99.28"
"4750,88.37"
"1405,92.35"
"4689,2.81"
"583,0.24"
"5655,99.37"
"2182,14.27"
"7627,99.84"
"2395,0.95"
"3620,1.0"
"1465,2.93"
"1706,0.08"
"1398,99.71"
"2163,99.76"
"1240,3.16"
"2385,5.89"
"8933,98.27"
"3242,80.65"
"7940,0.19"
"454,99.29"
"5404,2.29"
"9030,24.03"
"5181,15.67"
"8938,99.68"
"3476,6.35"
"1160,0.31"
"9121,1.5"
"2936,99.84"
"6468,18.6"
"5117,3.18"
"2810,7.48"
"8781,3.66"
"7136,99.81"
"3586,93.42"
"4004,94.28"
"3467,0.84"
"1528,99.65"
"3111,1.0"
"4700,99.92"
"1869,99.88"
"6078,3.21"
"3015,99.09"
"7652,99.94"
"4975,0.1"
"574,3.65"
"5068,97.69"
"825,4.61"
"1347,52.16"
"5739,57.49"
"3976,99.87"
"9205,91.23"
"7204,12.07"
"4959,1.67"
"1713,11.61"
"7349,5.17"
"2514,99.87"
"421,0.13"
"8770,0.21"
"6735,1.78"
"514,3.16"
"4318,98.93"
"4674,93.44"
"8971,39.73"
"1684,0.18"
"1426,0.74"
"1001,15.07"
"3069,99.67"
"4951,9.17"
"5442,57.15"
"4168,99.42"
"3812,1.75"
"3952,99.84"
"4940,99.92"
"1106,97.87"
"9163,0.99"
"7083,0.57"
"3391,3.79"
"6418,99.48"
"1962,0.05"
"16,3.16"
"898,0.07"
"9065,2.93"
"493,95.94"
"8390,3.16"
"5108,1.0"
"5121,1.08"
"423,1.22"
"90,1.11"
"2079,93.06"
"6671,3.2"
"7480,39.02"
"7896,0.45"
"5987,43.51"
"8642,91.35"
"2099,2.04"
"7359,2.04"
"5386,58.51"
"4828,0.15"
"4701,1.0"
"4974,98.66"
"6901,0.15"
"8450,72.66"
"308,38.22"
"1191,1.69"
"5665,8.21"
"5863,0.66"
"2935,95.4"
"1200,99.98"
"4782,99.49"
"1577,99.67"
"1941,1.23"
"8247,0.3"
"256,0.61"
"1851,14.9"
"7509,52.16"
"3061,1.0"
"5631,39.56"
"1399,7.44"
"8790,98.64"
"3943,0.25"
"458,0.88"
"5450,1.55"
"4133,11.62"
"4386,98.63"
"2356,99.9"
"5025,8.17"
"6122,0.46"
"6842,99.8"
"5888,0.24"
"7631,99.96"
"4645,85.73"
"1646,1.89"
"6888,3.19"
"119,0.04"
"1502,99.85"
"5991,98.35"
"4595,24.1"
"8440,0.57"
"2378,99.99"
"6076,0.16"
"4790,0.35"
"5961,91.82"
"9234,95.81"
"7574,98.94"
"26,56,100.00"
"3328,91.82"
"1039,45.25"
"8708,0.43"
"3853,0.92"
"7972,0.25"
"7716,98.98"
"2388,0.23"
"5519,45.04"
"3626,0.75"
"915,97.52"
"9192,85.04"
"6621,50.9"
"6063,91.82"
"5580,0.16"
"3603,1.41"
"710,50.88"
"4802,98.85"
"8009,9.45"
"148,0.32"
"2497,99.92"
"8625,98.2"
"3582,90.49"
"8209,7.42"
"1837,0.12"
"2186,2.98"
"5090,22.4"
"8619,13.93"
"8409,99.25"
"3642,15.4"
"9045,0.34"
"6318,40.8"
"4041,0.26"
"5113,0.3"
"5216,3.48"
"777,97.89"
"1352,98.85"
"8634,0.02"
"4537,99.82"
"7398,0.35"
"7388,3.38"
"8403,99.76"
"5373,95.73"
"1568,99.92"
"4392,1.62"
"3656,0.02"
"4060,16.8"
"6529,99.48"
"3410,6.46"
"4162,4.07"
"7794,99.89"
"8254,1.28"
"4565,1.47"
"1442,96.6"
"1707,3.16"
"63,11.94"
"446,99.34"
"1612,99.55"
"2924,99.69"
"2741,3.16"
"7948,0.5"
"1251,1.06"
"8946,99.97"
"2934,7.67"
"1285,98.0"
"5072,7.41"
"6834,98.3"
"2332,94.02"
"4868,99.73"
"9208,7.29"
"3890,0.53"
"3724,2.95"
"178,96.34"
"1928,98.55"
"4757,99.4"
"6151,27.79"
"2696,98.98"
"8406,92.8"
"8417,0.84"
"3597,1.0"
"5154,97.35"
"5752,99.87"
"6567,98.98"
"4341,89.3"
"2989,99.91"
"8569,0.04"
"8760,0.84"
"3396,99.81"
"202,0.61"
"1606,0.3"
"6809,0.16"
"4852,99.38"
"8698,1.05"
"5585,99.78"
"21,95,100.00"
"328,1.02"
"5031,1.64"
"385,97.6"
"1867,92.07"
"2072,3.16"
"3817,99.76"
"7401,0.8"
"5624,0.26"
"1513,0.07"
"8492,99.61"
"5250,95.13"
"1956,99.88"
"253,1.17"
"726,14.25"
"8280,3.89"
"2405,99.02"
"6482,96.81"
"1289,95.63"
"6573,0.38"
"7438,97.92"
"2652,98.33"
"285,2.01"
"7600,1.41"
"6224,0.48"
"5982,0.16"
"6936,0.35"
"3430,72.78"
"5765,0.37"
"7844,3.96"
"7831,1.09"
"8434,99.94"
"3638,1.0"
"8941,91.19"
"1086,1.17"
"383,5.61"
"3710,99.99"
"4085,2.61"
"6278,76.3"
"3553,4.29"
"903,0.59"
"3317,7.99"
"1633,0.04"
"5695,99.49"
"5877,43.44"
"3810,99.77"
"3573,0.41"
"7432,99.76"
"8688,0.09"
"4269,70.64"
"1222,0.7"
"5992,97.77"
"3702,26.68"
"3520,58.2"
"4592,99.98"
"7066,1.41"
"2904,99.78"
"3332,98.45"
"4680,99.41"
"5361,16.99"
"1617,99.95"
"8559,0.1"
"9154,78.38"
"4124,2.74"
"4576,0.84"
"7242,3.67"
"3958,43.49"
"3941,7.41"
"2546,27.46"
"3836,98.42"
"6156,97.65"
"7110,0.12"
"5200,4.82"
"7729,3.16"
"6846,4.5"
"951,3.27"
"6692,3.6"
"3511,99.59"
"1529,52.76"
"7695,7.95"
"3886,7.41"
"5545,0.19"
"3375,0.76"
"1121,0.52"
"3841,27.49"
"4192,0.21"
"5336,3.2"
"7406,49.59"
"3959,1.0"
"2124,75.0"
"233,81.15"
"3297,0.31"
"6019,3.17"
"5626,2.2"
"7454,98.94"
"4288,52.46"
"1084,0.13"
"5524,99.9"
"7650,39.16"
"3279,1.19"
"17,0.78"
"1566,99.3"
"9217,16.28"
"5355,3.21"
"6013,3.58"
"2521,99.49"
"7862,0.71"
"7591,0.99"
"1384,1.27"
"5300,5.95"
"8829,0.16"
"6796,12.37"
"7205,0.13"
"6238,93.08"
"843,97.56"
"9114,20.6"
"892,98.91"
"6973,96.72"
"2528,3.64"
"2858,3.08"
"1752,72.66"
"3902,0.17"
"6381,29.66"
"6910,0.27"
"1884,2.95"
"2037,0.19"
"8801,99.98"
"2220,3.5"
"4772,99.57"
"8663,0.49"
"6174,0.21"
"3352,15.23"
"5046,7.41"
"7878,14.01"
"8407,3.16"
"4262,7.41"
"4862,99.73"
"841,99.7"
"605,0.14"
"5704,1.84"
"7366,0.67"
"745,56.41"
"4063,0.4"
"4561,1.42"
"7575,2.68"
"6033,0.23"
"2401,5.28"
"8327,90.48"
"1836,99.16"
"4110,0.82"
"8419,99.95"
"950,0.47"
"6941,1.28"
"7587,1.45"
"3450,0.22"
"5153,0.53"
"6648,1.01"
"164,96.73"
"1554,0.0"
"4323,6.69"
"6536,97.72"
"8364,1.34"
"1553,97.84"
"120,99.98"
"7653,99.91"
"3920,0.33"
"3406,99.41"
"9123,0.23"
"3900,24.46"
"5054,5.89"
"569,4.17"
"340,1.93"
"7704,0.02"
"504,14.08"
"3652,95.64"
"4534,12.01"
"2040,1.32"
"6332,99.56"
"3464,8.6"
"3860,0.47"
"900,94.61"
"5050,99.9"
"4631,0.98"
"869,0.14"
"5730,0.42"
"1269,91.78"
"759,0.91"
"876,12.06"
"2844,99.96"
"2857,96.04"
"3043,0.96"
"858,1.46"
"5119,2.82"
"6081,0.15"
"8611,0.15"
"8387,15.88"
"3567,1.24"
"8480,17.29"
"3800,13.86"
"7787,0.05"
"1133,19.43"
"18,96.51"
"7381,0.39"
"1492,0.29"
"7958,0.14"
"4639,3.02"
"8965,26.78"
"7616,20.6"
"5000,99.94"
"5980,1.47"
"5908,0.53"
"5163,6.62"
"5162,40.86"
"6608,97.17"
"2845,0.22"
"3334,0.15"
"5008,0.63"
"5615,1.31"
"6668,0.45"
"8316,11.94"
"4528,99.1"
"291,1.4"
"204,42.19"
"5742,81.87"
"4194,99.43"
"4629,55.07"
"5506,99.28"
"9101,0.99"
"2697,1.83"
"9055,0.3"
"6107,1.0"
"4424,99.64"
"6851,93.01"
"3251,6.07"
"8884,0.68"
"1361,0.05"
"5462,60.14"
"1843,3.72"
"6742,9.92"
"7617,2.68"
"3556,97.06"
"6913,99.98"
"5546,4.46"
"4547,95.04"
"3645,99.54"
"7734,4.4"
"6275,0.15"
"4692,9.69"
"3390,98.29"
"7470,99.85"
"6268,6.85"
"5972,96.48"
"4428,99.91"
"6023,29.56"
"4898,45.04"
"2084,4.62"
"1785,5.15"
"1678,94.39"
"842,8.78"
"3778,99.57"
"2122,98.78"
"5011,63.14"
"4016,99.97"
"4036,52.29"
"4321,7.41"
"4869,98.48"
"482,99.73"
"310,4.55"
"8066,5.38"
"8581,93.2"
"3095,99.96"
